[
  {
    "id": "f1a5b2e6-0a67-4315-9ed4-ece795ff7957",
    "data": [
      {
        "text": "Good afternoon",
        "userDefined": false
      }
    ],
    "isTemplate": false,
    "count": 0,
    "updated": 1506347974
  },
  {
    "id": "9c5c5337-e37d-4adf-ab37-d7004bdfaf7e",
    "data": [
      {
        "text": "Good morning",
        "userDefined": false
      }
    ],
    "isTemplate": false,
    "count": 0,
    "updated": 1506347974
  },
  {
    "id": "86210c52-1607-43c6-8f69-b4f2a350a372",
    "data": [
      {
        "text": "Hello",
        "userDefined": false
      }
    ],
    "isTemplate": false,
    "count": 0,
    "updated": 1506347974
  },
  {
    "id": "6b1ee731-29bc-4e2a-acf4-87f86ef301da",
    "data": [
      {
        "text": "Hi",
        "userDefined": false
      }
    ],
    "isTemplate": false,
    "count": 0,
    "updated": 1501686700
  }
]