[
  {
    "id": "77aa2340-49be-45ec-bc01-bb8ff45237d1",
    "data": [
      {
        "text": "help",
        "userDefined": false
      }
    ],
    "isTemplate": false,
    "count": 0,
    "updated": 0
  },
  {
    "id": "cbbc8172-910a-497d-9ae1-ef7b41fc4214",
    "data": [
      {
        "text": "help",
        "userDefined": false
      }
    ],
    "isTemplate": false,
    "count": 0,
    "updated": 0
  },
  {
    "id": "19ba2277-4ff0-4023-8c05-0989a2fb58fc",
    "data": [
      {
        "text": "Please let me know what you can do",
        "userDefined": false
      }
    ],
    "isTemplate": false,
    "count": 0,
    "updated": 1506348146
  },
  {
    "id": "0630ccbd-6eeb-4a7b-a622-95a036d801e4",
    "data": [
      {
        "text": "I need to know your functions",
        "userDefined": false
      }
    ],
    "isTemplate": false,
    "count": 0,
    "updated": 1506348146
  },
  {
    "id": "ce9e3437-9d91-45a7-8a1b-147f565806e9",
    "data": [
      {
        "text": "I need to know what you can do",
        "userDefined": false
      }
    ],
    "isTemplate": false,
    "count": 0,
    "updated": 1506348146
  },
  {
    "id": "cd7f0f42-fde7-4f1f-b0af-08902a07840a",
    "data": [
      {
        "text": "What can I do?",
        "userDefined": false
      }
    ],
    "isTemplate": false,
    "count": 0,
    "updated": 1506348146
  },
  {
    "id": "84dad960-01e2-48e1-ad08-0d55360d23e4",
    "data": [
      {
        "text": "Give me a list of of your capabilities",
        "userDefined": false
      }
    ],
    "isTemplate": false,
    "count": 0,
    "updated": 1506348146
  },
  {
    "id": "5c6764ca-162c-4547-a7b7-dbc4ea3b075e",
    "data": [
      {
        "text": "/help",
        "userDefined": false
      }
    ],
    "isTemplate": false,
    "count": 0,
    "updated": 1506348146
  },
  {
    "id": "edb0c84d-4562-4d46-a9d2-49ec89d58dd6",
    "data": [
      {
        "text": "I want to know what you can do",
        "userDefined": false
      }
    ],
    "isTemplate": false,
    "count": 0,
    "updated": 1506348146
  },
  {
    "id": "f2a1b4e0-aa1e-4dd7-956b-e860417bc39a",
    "data": [
      {
        "text": "man",
        "userDefined": false
      }
    ],
    "isTemplate": false,
    "count": 0,
    "updated": 1506348146
  },
  {
    "id": "644677a9-838f-46fd-9d72-d4c2b31d1779",
    "data": [
      {
        "text": "What can you do?",
        "userDefined": false
      }
    ],
    "isTemplate": false,
    "count": 0,
    "updated": 1506348146
  },
  {
    "id": "104e9670-a54d-4d74-a1f3-7232972b2120",
    "data": [
      {
        "text": "What is possible?",
        "userDefined": false
      }
    ],
    "isTemplate": false,
    "count": 0,
    "updated": 1506348146
  },
  {
    "id": "1d6533ac-ac55-458b-9103-5fc26c0ed2d2",
    "data": [
      {
        "text": "What can I do with you?",
        "userDefined": false
      }
    ],
    "isTemplate": false,
    "count": 0,
    "updated": 1506348146
  },
  {
    "id": "d7c8527d-8f66-45a3-8c9c-33a86137fadd",
    "data": [
      {
        "text": "Tell me what you can do",
        "userDefined": false
      }
    ],
    "isTemplate": false,
    "count": 0,
    "updated": 1506348146
  },
  {
    "id": "50a9ae1e-dca2-4cd8-8f2f-e8b9574e52c1",
    "data": [
      {
        "text": "Let me know what you can do",
        "userDefined": false
      }
    ],
    "isTemplate": false,
    "count": 0,
    "updated": 1506348146
  },
  {
    "id": "2958adc3-20d3-4dc2-88e0-528628819e0c",
    "data": [
      {
        "text": "What features do you have?",
        "userDefined": false
      }
    ],
    "isTemplate": false,
    "count": 0,
    "updated": 1506348146
  },
  {
    "id": "d2dee19a-efbf-4001-bcda-e444c003ea13",
    "data": [
      {
        "text": "How can you help me?",
        "userDefined": false
      }
    ],
    "isTemplate": false,
    "count": 0,
    "updated": 1506348146
  }
]