[
  {
    "id": "16ff23a4-a201-44c9-adc0-d0c783280b20",
    "data": [
      {
        "text": "Show me all @NetworkDevice:NetworkDevice",
        "userDefined": false
      }
    ],
    "isTemplate": true,
    "count": 0,
    "updated": 1501686603
  },
  {
    "id": "5be2ce6e-7d3d-4baa-927c-921fdc2cd984",
    "data": [
      {
        "text": "What are my ",
        "userDefined": false
      },
      {
        "text": "switches",
        "alias": "NetworkDevice",
        "meta": "@NetworkDevice",
        "userDefined": true
      }
    ],
    "isTemplate": false,
    "count": 0,
    "updated": 1504271255
  },
  {
    "id": "6cbac04e-961c-4905-9896-352390eca0db",
    "data": [
      {
        "text": "List all @NetworkDevice:NetworkDevice",
        "userDefined": false
      }
    ],
    "isTemplate": true,
    "count": 0,
    "updated": 1501686603
  },
  {
    "id": "1506f82a-1256-40b3-acad-171e5b629cab",
    "data": [
      {
        "text": "What devies do I have in my network?",
        "userDefined": false
      }
    ],
    "isTemplate": false,
    "count": 0,
    "updated": 1501667885
  },
  {
    "id": "528dce02-17c8-4c6e-8998-97fc2101e0c1",
    "data": [
      {
        "text": "devcies in my netowrk",
        "userDefined": false
      }
    ],
    "isTemplate": false,
    "count": 0,
    "updated": 1501686700
  },
  {
    "id": "14bf4809-4f09-49a6-b259-3183d920c0fa",
    "data": [
      {
        "text": "Give me all my network devices",
        "userDefined": false
      }
    ],
    "isTemplate": false,
    "count": 0,
    "updated": 1502278686
  },
  {
    "id": "91004a13-65cb-42aa-8268-9ec27ad5ed48",
    "data": [
      {
        "text": "Give ma list of all ",
        "userDefined": false
      },
      {
        "text": "switches",
        "alias": "NetworkDevice",
        "meta": "@NetworkDevice",
        "userDefined": false
      }
    ],
    "isTemplate": false,
    "count": 2,
    "updated": 1501703944
  },
  {
    "id": "812bb1e6-5a2e-4c0d-b698-ebd2220f85b6",
    "data": [
      {
        "text": "what are my network devices",
        "userDefined": false
      }
    ],
    "isTemplate": false,
    "count": 0,
    "updated": 0
  },
  {
    "id": "4a2fbd09-812e-4022-b532-989ad083454f",
    "data": [
      {
        "text": "Show me all ",
        "userDefined": false
      },
      {
        "text": "switches",
        "alias": "NetworkDevice",
        "meta": "@NetworkDevice",
        "userDefined": false
      }
    ],
    "isTemplate": false,
    "count": 2,
    "updated": 1501703944
  },
  {
    "id": "e2ed1b7b-3a49-49f2-8d0e-8a3ecbb109a9",
    "data": [
      {
        "text": "Show me my ",
        "userDefined": false
      },
      {
        "text": "switches",
        "alias": "NetworkDevice",
        "meta": "@NetworkDevice",
        "userDefined": false
      }
    ],
    "isTemplate": false,
    "count": 0,
    "updated": 1506512739
  },
  {
    "id": "d08c81a9-e52e-4549-bcc0-4490aa5f301e",
    "data": [
      {
        "text": "Devices in my network?",
        "userDefined": false
      }
    ],
    "isTemplate": false,
    "count": 1,
    "updated": 1501667885
  },
  {
    "id": "55671f84-3c36-425c-90c6-5231cc525230",
    "data": [
      {
        "text": "Give me all ",
        "userDefined": false
      },
      {
        "text": "switches",
        "alias": "NetworkDevice",
        "meta": "@NetworkDevice",
        "userDefined": false
      },
      {
        "text": " and ",
        "userDefined": false
      },
      {
        "text": "routers",
        "alias": "NetworkDevice",
        "meta": "@NetworkDevice",
        "userDefined": true
      }
    ],
    "isTemplate": false,
    "count": 0,
    "updated": 1501933394
  },
  {
    "id": "03e77673-f1be-46ca-830d-9df6d05583bc",
    "data": [
      {
        "text": "shw me all ",
        "userDefined": false
      },
      {
        "text": "switches",
        "alias": "NetworkDevice",
        "meta": "@NetworkDevice",
        "userDefined": false
      }
    ],
    "isTemplate": false,
    "count": 0,
    "updated": 1501769104
  },
  {
    "id": "fa772c62-34dc-4560-82b0-7e3edcefc69f",
    "data": [
      {
        "text": "get my network devices",
        "userDefined": false
      }
    ],
    "isTemplate": false,
    "count": 0,
    "updated": 1501928131
  },
  {
    "id": "eaee58af-fdea-45a0-a2cb-62dd8ebb531a",
    "data": [
      {
        "text": "What devices are in my network?",
        "userDefined": false
      }
    ],
    "isTemplate": false,
    "count": 0,
    "updated": 1504271255
  },
  {
    "id": "5cb132fb-f2fa-4a94-b40f-e951732b74d2",
    "data": [
      {
        "text": "network devices",
        "userDefined": false
      }
    ],
    "isTemplate": false,
    "count": 1,
    "updated": 1501686700
  },
  {
    "id": "82f93638-5acd-4ebc-9fd8-b94cb31aea83",
    "data": [
      {
        "text": "devices in my netwrk",
        "userDefined": false
      }
    ],
    "isTemplate": false,
    "count": 0,
    "updated": 1501686700
  },
  {
    "id": "9d56c5fd-c5ea-4391-9047-88528199f68a",
    "data": [
      {
        "text": "give me all ",
        "userDefined": false
      },
      {
        "text": "switches",
        "alias": "NetworkDevice",
        "meta": "@NetworkDevice",
        "userDefined": false
      }
    ],
    "isTemplate": false,
    "count": 1,
    "updated": 1501703944
  },
  {
    "id": "dec1401a-87dd-4528-8b3a-dad69b93a54a",
    "data": [
      {
        "text": "Give me list of all ",
        "userDefined": false
      },
      {
        "text": "switches",
        "alias": "NetworkDevice",
        "meta": "@NetworkDevice",
        "userDefined": false
      }
    ],
    "isTemplate": false,
    "count": 1,
    "updated": 1501703944
  },
  {
    "id": "6d4dddc7-a1ca-45c2-9101-874d77719a78",
    "data": [
      {
        "text": "What devices do I have in my network?",
        "userDefined": false
      }
    ],
    "isTemplate": false,
    "count": 0,
    "updated": 1501534419
  },
  {
    "id": "60ae67cc-9f15-4df8-a1b2-f975e5ed757a",
    "data": [
      {
        "text": "What are my current network devices?",
        "userDefined": false
      }
    ],
    "isTemplate": false,
    "count": 0,
    "updated": 1501534419
  }
]