[
  {
    "id": "69b20c2a-c8a5-45d2-a716-b99284bb92aa",
    "data": [
      {
        "text": "Are there any ",
        "userDefined": false
      },
      {
        "text": "switches",
        "alias": "NetworkDevice",
        "meta": "@NetworkDevice",
        "userDefined": false
      },
      {
        "text": " with licenses that are ",
        "userDefined": false
      },
      {
        "text": "not in use",
        "alias": "LicenseStatus",
        "meta": "@LicenseStatus",
        "userDefined": true
      },
      {
        "text": "?",
        "userDefined": false
      }
    ],
    "isTemplate": false,
    "count": 0,
    "updated": 1504522774
  },
  {
    "id": "4e1ef0cb-2246-4487-bd8d-01e50a7c0511",
    "data": [
      {
        "text": "Which licenses are ",
        "userDefined": false
      },
      {
        "text": "not in use",
        "alias": "LicenseStatus",
        "meta": "@LicenseStatus",
        "userDefined": true
      },
      {
        "text": "?",
        "userDefined": false
      }
    ],
    "isTemplate": false,
    "count": 0,
    "updated": 1504522774
  },
  {
    "id": "5891fbb6-2191-439e-971c-66a87e69a787",
    "data": [
      {
        "text": "What are all ",
        "userDefined": false
      },
      {
        "text": "inactive",
        "alias": "LicenseStatus",
        "meta": "@LicenseStatus",
        "userDefined": false
      },
      {
        "text": " licenses?",
        "userDefined": false
      }
    ],
    "isTemplate": false,
    "count": 0,
    "updated": 1504522774
  },
  {
    "id": "4fbc6111-8258-4db8-ab78-ba29757adf93",
    "data": [
      {
        "text": "What licenses are on my ",
        "userDefined": false
      },
      {
        "text": "routers",
        "alias": "NetworkDevice",
        "meta": "@NetworkDevice",
        "userDefined": false
      },
      {
        "text": "?",
        "userDefined": false
      }
    ],
    "isTemplate": false,
    "count": 0,
    "updated": 1504522774
  },
  {
    "id": "1cf41fb1-297a-47ba-a27c-401c3be25dae",
    "data": [
      {
        "text": "What licenses are ",
        "userDefined": false
      },
      {
        "text": "active",
        "alias": "LicenseStatus",
        "meta": "@LicenseStatus",
        "userDefined": true
      },
      {
        "text": " on my ",
        "userDefined": false
      },
      {
        "text": "switches",
        "alias": "NetworkDevice",
        "meta": "@NetworkDevice",
        "userDefined": false
      },
      {
        "text": "?",
        "userDefined": false
      }
    ],
    "isTemplate": false,
    "count": 0,
    "updated": 1504521564
  },
  {
    "id": "1aebf77f-912a-4ce8-81d3-134945511217",
    "data": [
      {
        "text": "What are my ",
        "userDefined": false
      },
      {
        "text": "active",
        "alias": "LicenseStatus",
        "meta": "@LicenseStatus",
        "userDefined": false
      },
      {
        "text": " licenses?",
        "userDefined": false
      }
    ],
    "isTemplate": false,
    "count": 0,
    "updated": 1504522561
  },
  {
    "id": "01d02fa2-4776-4996-b003-f2c60816560d",
    "data": [
      {
        "text": "what are my licenses?",
        "userDefined": false
      }
    ],
    "isTemplate": false,
    "count": 1,
    "updated": 1504522155
  },
  {
    "id": "ce79386a-cb5d-4345-8bd1-0bb5531da57a",
    "data": [
      {
        "text": "What licenses are available on my network devices?",
        "userDefined": false
      }
    ],
    "isTemplate": false,
    "count": 0,
    "updated": 1504521564
  }
]