[
  {
    "id": "634bcb1a-ee7a-4a4b-a778-6d466591d83d",
    "data": [
      {
        "text": "What is the status of the connection between @sys.any:device and @sys.any:device?",
        "userDefined": false
      }
    ],
    "isTemplate": true,
    "count": 0,
    "updated": 0
  },
  {
    "id": "151f1f06-3306-4746-9125-afa8117149ef",
    "data": [
      {
        "text": "How is the connection between @sys.any:device and @sys.any:device?",
        "userDefined": false
      }
    ],
    "isTemplate": true,
    "count": 0,
    "updated": 0
  }
]