[
  {
    "id": "67c7103b-7d32-46e8-b3f4-84aceb2f0670",
    "data": [
      {
        "text": "Give me the temperatures of my network devices",
        "userDefined": false
      }
    ],
    "isTemplate": false,
    "count": 0,
    "updated": 1505718902
  },
  {
    "id": "c1faea74-5318-4db5-803d-89ee47e33033",
    "data": [
      {
        "text": "Give me the temperature of my @sys.any:devicename",
        "userDefined": false
      }
    ],
    "isTemplate": true,
    "count": 0,
    "updated": 0
  },
  {
    "id": "309850f8-75bf-4655-92f2-84d83c90f730",
    "data": [
      {
        "text": "What is the temperature of my @sys.any:devicename?",
        "userDefined": false
      }
    ],
    "isTemplate": true,
    "count": 0,
    "updated": 0
  }
]