[
  {
    "id": "1a3bde12-92d7-48cf-ad02-5f15b0811f88",
    "data": [
      {
        "text": "I want to extend my network",
        "userDefined": false
      }
    ],
    "isTemplate": false,
    "count": 0,
    "updated": 1508324743
  },
  {
    "id": "6f05f551-5e63-47f7-b8d4-3d2124a807b5",
    "data": [
      {
        "text": "I want to expand my network",
        "userDefined": false
      }
    ],
    "isTemplate": false,
    "count": 0,
    "updated": 0
  },
  {
    "id": "fb16310b-4e26-43b8-99af-0b41a1c6bc5a",
    "data": [
      {
        "text": "I want to expand my network",
        "userDefined": false
      }
    ],
    "isTemplate": false,
    "count": 0,
    "updated": 0
  },
  {
    "id": "ed8dc4a6-fa74-4159-bd7a-6ce8cc4bfa05",
    "data": [
      {
        "text": "I want to expand my network",
        "userDefined": false
      }
    ],
    "isTemplate": false,
    "count": 0,
    "updated": 0
  },
  {
    "id": "e357377f-21fe-4645-8f09-930c60a2ca76",
    "data": [
      {
        "text": "Are there any free ports available?",
        "userDefined": false
      }
    ],
    "isTemplate": false,
    "count": 0,
    "updated": 1508324743
  },
  {
    "id": "ed7cdb97-78ea-4272-9847-f17466cb6790",
    "data": [
      {
        "text": "I want to expand my network",
        "userDefined": false
      }
    ],
    "isTemplate": false,
    "count": 0,
    "updated": 0
  },
  {
    "id": "079845a2-8be1-43b7-8162-843261db5e3a",
    "data": [
      {
        "text": " I want to expand my network",
        "userDefined": false
      }
    ],
    "isTemplate": false,
    "count": 0,
    "updated": 0
  },
  {
    "id": "145811d4-fc69-4d90-9c10-0f4cc87edf0b",
    "data": [
      {
        "text": "What are my available ports?",
        "userDefined": false
      }
    ],
    "isTemplate": false,
    "count": 0,
    "updated": 1508324743
  },
  {
    "id": "84b81202-b05e-4ea9-aa38-f08815912f09",
    "data": [
      {
        "text": "I want to expand my network",
        "userDefined": false
      }
    ],
    "isTemplate": false,
    "count": 0,
    "updated": 0
  },
  {
    "id": "d5058b66-21bb-4ab9-b8ed-54107a8c0d57",
    "data": [
      {
        "text": "What are my free ports?",
        "userDefined": false
      }
    ],
    "isTemplate": false,
    "count": 0,
    "updated": 1508324743
  }
]