[
  {
    "id": "ec99c348-cfae-46ea-bd4e-ad0ee1d05704",
    "data": [
      {
        "text": "Which devices have ",
        "userDefined": false
      },
      {
        "text": "IPBASE",
        "alias": "licensename",
        "meta": "@sys.any",
        "userDefined": false
      },
      {
        "text": "?",
        "userDefined": false
      }
    ],
    "isTemplate": false,
    "count": 1,
    "updated": 1504862953
  },
  {
    "id": "03caca80-f880-431e-9a5a-2310b95f0e60",
    "data": [
      {
        "text": "Which devices have @sys.any:licensename?",
        "userDefined": false
      }
    ],
    "isTemplate": true,
    "count": 0,
    "updated": 0
  },
  {
    "id": "71ee3dbc-5c6c-4a84-b95c-8042d278ea42",
    "data": [
      {
        "text": "What devices have the license @sys.any:licensename?",
        "userDefined": false
      }
    ],
    "isTemplate": true,
    "count": 0,
    "updated": 0
  }
]