[
  {
    "id": "c8833002-a109-4452-9fc4-7673556f6b05",
    "data": [
      {
        "text": "What is the status of my network?",
        "userDefined": false
      }
    ],
    "isTemplate": false,
    "count": 0,
    "updated": 0
  },
  {
    "id": "6f2b8535-69a7-4479-8e6e-76fd512ceb25",
    "data": [
      {
        "text": "What is the status of my network?",
        "userDefined": false
      }
    ],
    "isTemplate": false,
    "count": 0,
    "updated": 0
  },
  {
    "id": "30f07ee3-c3d2-4b1d-a784-cd6719dcda28",
    "data": [
      {
        "text": "Is my network ok?",
        "userDefined": false
      }
    ],
    "isTemplate": false,
    "count": 0,
    "updated": 0
  },
  {
    "id": "2aeacc84-b96c-43d0-8c4f-0e1109b0c950",
    "data": [
      {
        "text": "Are there any problems with my network?",
        "userDefined": false
      }
    ],
    "isTemplate": false,
    "count": 0,
    "updated": 0
  },
  {
    "id": "688ea20b-e284-46a8-b806-6df5ac20c352",
    "data": [
      {
        "text": "What is the status of my network?",
        "userDefined": false
      }
    ],
    "isTemplate": false,
    "count": 0,
    "updated": 0
  },
  {
    "id": "935635ef-5484-4b41-ae6a-777a8b40609a",
    "data": [
      {
        "text": "what is my network status",
        "userDefined": false
      }
    ],
    "isTemplate": false,
    "count": 0,
    "updated": 0
  },
  {
    "id": "c7453247-531d-4fb0-b1ef-a4e3d14ab02a",
    "data": [
      {
        "text": "What is the status of my network?",
        "userDefined": false
      }
    ],
    "isTemplate": false,
    "count": 0,
    "updated": 0
  },
  {
    "id": "1b077964-a44b-4048-88f6-fae4e66f2afd",
    "data": [
      {
        "text": "What is the status of my network?",
        "userDefined": false
      }
    ],
    "isTemplate": false,
    "count": 0,
    "updated": 0
  },
  {
    "id": "2ca67695-7377-41f1-ab82-cb31109f142d",
    "data": [
      {
        "text": "What is the status of my network?",
        "userDefined": false
      }
    ],
    "isTemplate": false,
    "count": 0,
    "updated": 0
  },
  {
    "id": "db53f9a0-a59c-4c43-89e3-3937551f2a54",
    "data": [
      {
        "text": "What is the status of my network?",
        "userDefined": false
      }
    ],
    "isTemplate": false,
    "count": 0,
    "updated": 0
  },
  {
    "id": "46fcfdc0-33ee-4acb-8824-80a03565b3b5",
    "data": [
      {
        "text": "Is there anything wrong in my network?",
        "userDefined": false
      }
    ],
    "isTemplate": false,
    "count": 0,
    "updated": 0
  },
  {
    "id": "3d322f0d-4d5c-4e82-9678-649ad5cc9716",
    "data": [
      {
        "text": " what is my network status?",
        "userDefined": false
      }
    ],
    "isTemplate": false,
    "count": 0,
    "updated": 0
  },
  {
    "id": "7d9a68e2-97ad-4da1-9347-f7c5e1cc0eff",
    "data": [
      {
        "text": "What is the status of my network?",
        "userDefined": false
      }
    ],
    "isTemplate": false,
    "count": 0,
    "updated": 0
  }
]