[
  {
    "value": "ACCESS",
    "synonyms": [
      "Access switch",
      "Access",
      "Access SW"
    ]
  },
  {
    "value": "CORE",
    "synonyms": [
      "Core Switch",
      "Core",
      "Core SW",
      "Collapsed Core"
    ]
  },
  {
    "value": "DISTRIBUTION",
    "synonyms": [
      "Distribution switch",
      "Distribution",
      "Distributino SW",
      "Distri",
      "Distri SW"
    ]
  },
  {
    "value": "BORDER ROUTER",
    "synonyms": [
      "Router",
      "Border Router",
      "Rtr"
    ]
  }
]